<?xml version="1.0" encoding="UTF-8" ?>
<adfc-config xmlns="http://xmlns.oracle.com/adf/controller" version="1.2">
  <task-flow-definition id="queryTaskFlow">
    <default-activity>queryView</default-activity>
    <managed-bean id="__1">
      <managed-bean-name>QueryBean</managed-bean-name>
      <managed-bean-class>com.packt.jdeveloper.cookbook.hr.main.view.beans.chapter7.QueryBean</managed-bean-class>
      <managed-bean-scope>request</managed-bean-scope>
    </managed-bean>
    <view id="queryView">
      <page>/pages/chapter7/querySearchForm/queryView.jspx</page>
    </view>
  </task-flow-definition>
</adfc-config>
