<?xml version="1.0" encoding="UTF-8" ?>
<!DOCTYPE Domain SYSTEM "jbo_03_01.dtd">
<!---->
<Domain
  xmlns="http://xmlns.oracle.com/bc4j"
  Name="SharedProperties"
  Version="11.1.1.59.23">
  <DesignTime>
    <Attr Name="_isPersistent" Value="true"/>
    <Attr Name="_isQueriable" Value="true"/>
    <Attr Name="_isUpdateable" Value="true"/>
    <Attr Name="_isSelected" Value="true"/>
  </DesignTime>
  <Properties>
    <CustomProperties>
      <Property
        Name="CreateSequenceEmployeeEmployeeId"
        Value="EMPLOYEES_SEQ"/>
      <Property
        Name="CommitSequenceDepartmentDepartmentId"
        Value="DEPARTMENTS_SEQ"/>
    </CustomProperties>
  </Properties>
</Domain>
